algorithm,engine,N,repeat,TPS(tx/s),P99(ms),success_rate
PBFT,pbft,8,1,2443.977916,302.227000,1.000000
PBFT,pbft,8,2,2647.074784,355.094000,1.000000
PBFT,pbft,8,3,2711.194604,364.971000,1.000000
PBFT,pbft,8,4,2650.642648,373.133000,1.000000
PBFT,pbft,8,5,2600.247336,380.996000,1.000000
PBFT,pbft,8,6,2636.678144,375.928000,1.000000
PBFT,pbft,8,7,2652.928037,374.550000,1.000000
PBFT,pbft,8,8,2673.784638,351.385000,1.000000
PBFT,pbft,8,9,2674.464693,370.836000,1.000000
PBFT,pbft,8,10,2685.740437,366.100000,1.000000
PBFT,pbft,16,1,1382.622154,664.987000,1.000000
PBFT,pbft,16,2,1347.279835,739.578000,1.000000
PBFT,pbft,16,3,1342.621950,740.634000,1.000000
PBFT,pbft,16,4,1389.482507,660.167000,1.000000
PBFT,pbft,16,5,1452.984263,686.448000,1.000000
PBFT,pbft,16,6,1415.745983,702.164000,1.000000
PBFT,pbft,16,7,1381.188952,667.128000,1.000000
PBFT,pbft,16,8,1445.687125,687.092000,1.000000
PBFT,pbft,16,9,1432.387514,639.609000,1.000000
PBFT,pbft,16,10,1433.085854,554.247000,1.000000
PBFT,pbft,24,1,780.663161,836.262000,1.000000
PBFT,pbft,24,2,684.004306,782.756000,1.000000
PBFT,pbft,24,3,854.699686,788.175000,1.000000
PBFT,pbft,24,4,767.823762,566.862000,1.000000
PBFT,pbft,24,5,782.010994,829.184000,1.000000
PBFT,pbft,24,6,829.899968,1149.301000,1.000000
PBFT,pbft,24,7,856.738795,781.184000,1.000000
PBFT,pbft,24,8,864.267259,970.259000,1.000000
PBFT,pbft,24,9,851.291904,866.726000,1.000000
PBFT,pbft,24,10,879.239219,1132.280000,1.000000
PBFT,pbft,32,1,467.021597,1001.837000,1.000000
PBFT,pbft,32,2,451.791355,1492.627000,1.000000
PBFT,pbft,32,3,493.065259,922.625000,1.000000
PBFT,pbft,32,4,445.603131,932.163000,1.000000
PBFT,pbft,32,5,414.517497,893.320000,1.000000
PBFT,pbft,32,6,444.431309,1257.251000,1.000000
PBFT,pbft,32,7,436.865546,922.973000,1.000000
PBFT,pbft,32,8,397.927941,1052.944000,1.000000
PBFT,pbft,32,9,414.384067,1208.214000,1.000000
PBFT,pbft,32,10,448.291081,894.007000,1.000000
PBFT,pbft,40,1,305.173369,1272.576000,1.000000
PBFT,pbft,40,2,234.001357,1576.597000,1.000000
PBFT,pbft,40,3,223.721474,1681.871000,1.000000
PBFT,pbft,40,4,255.699020,1348.030000,1.000000
PBFT,pbft,40,5,284.633613,1387.241000,1.000000
PBFT,pbft,40,6,221.033235,1625.879000,1.000000
PBFT,pbft,40,7,279.808480,1536.036000,1.000000
PBFT,pbft,40,8,206.426128,1295.394000,1.000000
PBFT,pbft,40,9,225.569707,1533.823000,1.000000
PBFT,pbft,40,10,237.342281,1292.436000,1.000000
PBFT,pbft,48,1,162.127628,1699.929000,1.000000
PBFT,pbft,48,2,117.529118,1210.798000,1.000000
PBFT,pbft,48,3,168.947463,1761.323000,1.000000
PBFT,pbft,48,4,125.654730,1665.113000,1.000000
PBFT,pbft,48,5,148.671485,1736.814000,1.000000
PBFT,pbft,48,6,160.530539,1789.626000,1.000000
PBFT,pbft,48,7,148.365214,1742.992000,1.000000
PBFT,pbft,48,8,186.448592,1751.879000,1.000000
PBFT,pbft,48,9,162.421702,1699.032000,1.000000
PBFT,pbft,48,10,150.436141,1688.272000,1.000000
PBFT,pbft,56,1,80.213604,1637.098000,1.000000
PBFT,pbft,56,2,94.259330,2203.872000,1.000000
PBFT,pbft,56,3,93.977867,1680.944000,1.000000
PBFT,pbft,56,4,121.960508,2160.615000,1.000000
PBFT,pbft,56,5,105.760258,2119.671000,1.000000
PBFT,pbft,56,6,88.039946,2182.509000,1.000000
PBFT,pbft,56,7,73.872174,2148.985000,1.000000
PBFT,pbft,56,8,99.522971,2192.324000,1.000000
PBFT,pbft,56,9,105.979401,2172.230000,1.000000
PBFT,pbft,56,10,129.462255,2311.238000,1.000000
PBFT,pbft,64,1,69.198736,2540.224000,1.000000
PBFT,pbft,64,2,72.679764,2580.767000,1.000000
PBFT,pbft,64,3,77.368936,2925.780000,1.000000
PBFT,pbft,64,4,54.160397,2960.765000,1.000000
PBFT,pbft,64,5,82.689836,2804.755000,1.000000
PBFT,pbft,64,6,94.968511,2799.818000,1.000000
PBFT,pbft,64,7,65.144333,2835.797000,1.000000
PBFT,pbft,64,8,82.775271,2882.519000,1.000000
PBFT,pbft,64,9,54.330622,2788.365000,1.000000
PBFT,pbft,64,10,73.201859,2821.431000,1.000000
PBFT,pbft,72,1,58.347195,3192.319000,1.000000
PBFT,pbft,72,2,55.521980,3374.858000,1.000000
PBFT,pbft,72,3,58.575376,3300.371000,1.000000
PBFT,pbft,72,4,61.650057,3444.976000,1.000000
PBFT,pbft,72,5,55.040553,3400.063000,1.000000
PBFT,pbft,72,6,45.291789,2662.656000,1.000000
PBFT,pbft,72,7,52.192743,3490.381000,1.000000
PBFT,pbft,72,8,49.985369,3509.236000,1.000000
PBFT,pbft,72,9,54.773680,2684.130000,1.000000
PBFT,pbft,72,10,52.384376,2677.150000,1.000000
PBFT,pbft,80,1,47.882702,4145.821000,1.000000
PBFT,pbft,80,2,31.373339,3345.305000,1.000000
PBFT,pbft,80,3,44.774062,3365.519000,1.000000
PBFT,pbft,80,4,42.633740,3266.037000,1.000000
PBFT,pbft,80,5,35.391582,3262.616000,1.000000
PBFT,pbft,80,6,45.259959,4186.540000,1.000000
PBFT,pbft,80,7,42.713403,4053.854000,1.000000
PBFT,pbft,80,8,47.723525,3340.248000,1.000000
PBFT,pbft,80,9,42.230403,3195.660000,1.000000
PBFT,pbft,80,10,47.634941,3871.661000,1.000000
PBFT,pbft,88,1,32.034502,3940.764000,1.000000
PBFT,pbft,88,2,44.412398,5341.816000,1.000000
PBFT,pbft,88,3,26.945287,4031.455000,1.000000
PBFT,pbft,88,4,25.950683,3928.267000,1.000000
PBFT,pbft,88,5,33.845365,4805.328000,1.000000
PBFT,pbft,88,6,27.302255,4907.532000,1.000000
PBFT,pbft,88,7,35.960120,3774.112000,1.000000
PBFT,pbft,88,8,32.515053,3777.705000,1.000000
PBFT,pbft,88,9,40.045160,4859.089000,1.000000
PBFT,pbft,88,10,37.521703,5106.614000,1.000000
PBFT,pbft,96,1,21.056342,5276.466000,1.000000
PBFT,pbft,96,2,23.676764,4702.528000,1.000000
PBFT,pbft,96,3,27.073332,5827.378000,1.000000
PBFT,pbft,96,4,17.844996,4561.607000,1.000000
PBFT,pbft,96,5,24.958802,4552.914000,1.000000
PBFT,pbft,96,6,19.024806,4554.744000,1.000000
PBFT,pbft,96,7,22.864834,4686.794000,1.000000
PBFT,pbft,96,8,25.758877,4640.182000,1.000000
PBFT,pbft,96,9,23.790297,4686.945000,1.000000
PBFT,pbft,96,10,20.339895,4563.193000,1.000000
HotStuff,hotstuff,8,1,2405.285278,149.340000,1.000000
HotStuff,hotstuff,8,2,3134.781498,175.720000,1.000000
HotStuff,hotstuff,8,3,2896.560074,127.066000,1.000000
HotStuff,hotstuff,8,4,3045.610453,128.378000,1.000000
HotStuff,hotstuff,8,5,2990.477125,158.570000,1.000000
HotStuff,hotstuff,8,6,2694.101964,141.731000,1.000000
HotStuff,hotstuff,8,7,3257.833052,140.185000,1.000000
HotStuff,hotstuff,8,8,3328.155832,186.064000,1.000000
HotStuff,hotstuff,8,9,3039.533079,132.507000,1.000000
HotStuff,hotstuff,8,10,3056.628007,172.843000,1.000000
HotStuff,hotstuff,16,1,2147.283922,195.928000,1.000000
HotStuff,hotstuff,16,2,2079.399802,193.658000,1.000000
HotStuff,hotstuff,16,3,2284.752862,322.364000,1.000000
HotStuff,hotstuff,16,4,1899.374916,211.358000,1.000000
HotStuff,hotstuff,16,5,1833.169142,209.964000,1.000000
HotStuff,hotstuff,16,6,2166.333232,301.924000,1.000000
HotStuff,hotstuff,16,7,2129.857860,185.439000,1.000000
HotStuff,hotstuff,16,8,2249.260837,316.023000,1.000000
HotStuff,hotstuff,16,9,2221.043588,190.322000,1.000000
HotStuff,hotstuff,16,10,1958.401592,191.599000,1.000000
HotStuff,hotstuff,24,1,1170.662724,254.015000,1.000000
HotStuff,hotstuff,24,2,1328.157239,245.867000,1.000000
HotStuff,hotstuff,24,3,1155.028637,246.743000,1.000000
HotStuff,hotstuff,24,4,1324.550328,248.995000,1.000000
HotStuff,hotstuff,24,5,1405.282287,333.716000,1.000000
HotStuff,hotstuff,24,6,1412.304306,264.422000,1.000000
HotStuff,hotstuff,24,7,1198.983118,256.495000,1.000000
HotStuff,hotstuff,24,8,1164.602603,244.363000,1.000000
HotStuff,hotstuff,24,9,1157.176374,249.418000,1.000000
HotStuff,hotstuff,24,10,1404.092875,248.326000,1.000000
HotStuff,hotstuff,32,1,1068.452207,317.494000,1.000000
HotStuff,hotstuff,32,2,1031.720026,302.787000,1.000000
HotStuff,hotstuff,32,3,1037.429739,423.499000,1.000000
HotStuff,hotstuff,32,4,983.593368,317.759000,1.000000
HotStuff,hotstuff,32,5,954.661593,297.464000,1.000000
HotStuff,hotstuff,32,6,1056.539105,307.307000,1.000000
HotStuff,hotstuff,32,7,1029.262022,328.077000,1.000000
HotStuff,hotstuff,32,8,1115.328043,325.519000,1.000000
HotStuff,hotstuff,32,9,1015.908931,308.862000,1.000000
HotStuff,hotstuff,32,10,977.141342,313.531000,1.000000
HotStuff,hotstuff,40,1,846.286095,401.905000,1.000000
HotStuff,hotstuff,40,2,785.560148,267.326000,1.000000
HotStuff,hotstuff,40,3,799.319491,383.196000,1.000000
HotStuff,hotstuff,40,4,720.091711,348.962000,1.000000
HotStuff,hotstuff,40,5,813.567044,402.658000,1.000000
HotStuff,hotstuff,40,6,755.424400,387.978000,1.000000
HotStuff,hotstuff,40,7,737.399774,338.579000,1.000000
HotStuff,hotstuff,40,8,806.475807,391.684000,1.000000
HotStuff,hotstuff,40,9,771.164434,341.652000,1.000000
HotStuff,hotstuff,40,10,860.197443,371.686000,1.000000
HotStuff,hotstuff,48,1,656.344727,430.288000,1.000000
HotStuff,hotstuff,48,2,671.593882,428.488000,1.000000
HotStuff,hotstuff,48,3,812.043119,436.464000,1.000000
HotStuff,hotstuff,48,4,711.175035,556.758000,1.000000
HotStuff,hotstuff,48,5,651.204934,465.436000,1.000000
HotStuff,hotstuff,48,6,603.269989,472.410000,1.000000
HotStuff,hotstuff,48,7,694.295123,475.028000,1.000000
HotStuff,hotstuff,48,8,615.134375,451.684000,0.999000
HotStuff,hotstuff,48,9,708.044153,462.513000,1.000000
HotStuff,hotstuff,48,10,668.014273,663.315000,0.977000
HotStuff,hotstuff,56,1,644.037963,1060.688000,1.000000
HotStuff,hotstuff,56,2,560.244742,717.204000,1.000000
HotStuff,hotstuff,56,3,637.248337,498.233000,0.865000
HotStuff,hotstuff,56,4,627.863134,717.541000,1.000000
HotStuff,hotstuff,56,5,557.704936,523.644000,0.942000
HotStuff,hotstuff,56,6,589.431389,522.916000,1.000000
HotStuff,hotstuff,56,7,565.667586,711.948000,1.000000
HotStuff,hotstuff,56,8,586.647965,485.341000,0.964000
HotStuff,hotstuff,56,9,578.294850,493.231000,0.862000
HotStuff,hotstuff,56,10,599.491020,507.737000,1.000000
HotStuff,hotstuff,64,1,618.005377,944.789000,1.000000
HotStuff,hotstuff,64,2,525.542385,690.576000,1.000000
HotStuff,hotstuff,64,3,557.594714,604.019000,0.804000
HotStuff,hotstuff,64,4,519.088251,921.232000,0.479000
HotStuff,hotstuff,64,5,476.075257,590.183000,0.983000
HotStuff,hotstuff,64,6,473.306442,596.643000,0.997000
HotStuff,hotstuff,64,7,626.598328,1233.685000,0.951000
HotStuff,hotstuff,64,8,631.666770,1324.221000,0.841000
HotStuff,hotstuff,64,9,487.558388,624.917000,1.000000
HotStuff,hotstuff,64,10,567.646299,621.908000,0.515000
HotStuff,hotstuff,72,1,492.588940,930.786000,0.994000
HotStuff,hotstuff,72,2,493.636227,1229.347000,0.997000
HotStuff,hotstuff,72,3,412.923405,615.859000,0.971000
HotStuff,hotstuff,72,4,605.697534,1638.477000,0.996000
HotStuff,hotstuff,72,5,603.738664,1654.643000,1.000000
HotStuff,hotstuff,72,6,426.363958,645.003000,0.978000
HotStuff,hotstuff,72,7,426.056792,890.489000,0.992000
HotStuff,hotstuff,72,8,437.206520,645.944000,1.000000
HotStuff,hotstuff,72,9,396.888090,624.515000,0.981000
HotStuff,hotstuff,72,10,529.057744,910.783000,0.914000
HotStuff,hotstuff,80,1,495.681523,1891.215000,1.000000
HotStuff,hotstuff,80,2,496.634637,1919.197000,0.955000
HotStuff,hotstuff,80,3,524.169949,1767.445000,0.931000
HotStuff,hotstuff,80,4,406.365391,691.200000,0.775000
HotStuff,hotstuff,80,5,371.093220,699.814000,0.607000
HotStuff,hotstuff,80,6,489.644604,980.364000,1.000000
HotStuff,hotstuff,80,7,473.106774,772.347000,0.752000
HotStuff,hotstuff,80,8,479.452661,730.490000,0.850000
HotStuff,hotstuff,80,9,519.869859,1158.619000,0.972000
HotStuff,hotstuff,80,10,412.729564,670.718000,0.990000
HotStuff,hotstuff,88,1,374.498839,772.897000,0.820000
HotStuff,hotstuff,88,2,346.782888,460.702000,0.876000
HotStuff,hotstuff,88,3,442.744978,1641.053000,0.730000
HotStuff,hotstuff,88,4,398.187364,859.943000,0.951000
HotStuff,hotstuff,88,5,343.464822,1332.722000,0.459000
HotStuff,hotstuff,88,6,422.295813,1526.883000,0.649000
HotStuff,hotstuff,88,7,343.806309,775.595000,0.913000
HotStuff,hotstuff,88,8,379.044193,1687.612000,0.642000
HotStuff,hotstuff,88,9,341.000369,1333.290000,0.459000
HotStuff,hotstuff,88,10,394.213124,1144.029000,0.914000
HotStuff,hotstuff,96,1,307.201650,942.248000,0.754000
HotStuff,hotstuff,96,2,319.348703,1347.486000,0.805000
HotStuff,hotstuff,96,3,426.313669,2326.909000,0.998000
HotStuff,hotstuff,96,4,405.655026,2456.460000,0.998000
HotStuff,hotstuff,96,5,401.779022,1443.455000,0.992000
HotStuff,hotstuff,96,6,363.477785,861.834000,0.885000
HotStuff,hotstuff,96,7,422.064885,1673.623000,0.860000
HotStuff,hotstuff,96,8,367.449673,987.915000,0.607000
HotStuff,hotstuff,96,9,356.372511,1299.005000,0.993000
HotStuff,hotstuff,96,10,369.478037,963.008000,0.850000
Raft,raft,8,1,2059.209647,133.977000,0.978000
Raft,raft,8,2,2434.435666,133.616000,0.997000
Raft,raft,8,3,2091.658898,109.346000,0.974000
Raft,raft,8,4,2114.636213,144.028000,0.996000
Raft,raft,8,5,2181.573760,151.416000,0.999000
Raft,raft,8,6,2166.707761,120.217000,0.993000
Raft,raft,8,7,2063.838623,123.556000,0.988000
Raft,raft,8,8,2318.074728,136.711000,0.997000
Raft,raft,8,9,1833.594054,139.234000,0.969000
Raft,raft,8,10,2194.698731,117.242000,0.993000
Raft,raft,16,1,1864.591944,179.606000,0.993000
Raft,raft,16,2,1910.446340,182.403000,0.995000
Raft,raft,16,3,1750.937699,201.562000,0.989000
Raft,raft,16,4,1841.999921,171.238000,0.999000
Raft,raft,16,5,1729.865342,158.802000,0.994000
Raft,raft,16,6,1738.609134,190.262000,0.993000
Raft,raft,16,7,1754.839744,185.779000,0.998000
Raft,raft,16,8,1661.602259,199.040000,0.995000
Raft,raft,16,9,1982.820920,190.801000,0.985000
Raft,raft,16,10,2042.247331,195.710000,0.999000
Raft,raft,24,1,1604.594736,324.912000,0.998000
Raft,raft,24,2,1332.402450,244.642000,0.988000
Raft,raft,24,3,1610.776645,293.592000,0.998000
Raft,raft,24,4,1651.820806,222.829000,0.912000
Raft,raft,24,5,1803.924780,222.448000,0.965000
Raft,raft,24,6,1744.850588,230.841000,0.975000
Raft,raft,24,7,1335.557910,240.239000,0.987000
Raft,raft,24,8,1730.456080,256.540000,0.985000
Raft,raft,24,9,1625.638108,229.424000,0.987000
Raft,raft,24,10,1405.687853,243.283000,0.998000
Raft,raft,32,1,1757.835341,325.882000,0.962000
Raft,raft,32,2,1500.099515,331.123000,0.967000
Raft,raft,32,3,1278.567921,353.221000,0.982000
Raft,raft,32,4,1296.074773,299.468000,0.993000
Raft,raft,32,5,1341.469514,368.595000,0.995000
Raft,raft,32,6,1552.346593,314.360000,0.974000
Raft,raft,32,7,1509.690296,322.892000,0.993000
Raft,raft,32,8,1387.615663,309.316000,0.991000
Raft,raft,32,9,1280.624144,325.932000,0.998000
Raft,raft,32,10,1480.699035,310.629000,0.979000
Raft,raft,40,1,1125.718313,393.638000,0.991000
Raft,raft,40,2,1294.069119,338.631000,0.976000
Raft,raft,40,3,1286.410714,404.555000,0.924000
Raft,raft,40,4,1107.940529,487.959000,0.960000
Raft,raft,40,5,1087.356534,339.231000,0.965000
Raft,raft,40,6,1433.616065,434.443000,0.983000
Raft,raft,40,7,887.860061,499.807000,0.967000
Raft,raft,40,8,1178.823006,403.192000,0.955000
Raft,raft,40,9,1223.835721,427.554000,0.990000
Raft,raft,40,10,1483.234315,298.375000,0.996000
Raft,raft,48,1,1236.529230,479.537000,0.986000
Raft,raft,48,2,1056.412302,395.035000,0.922000
Raft,raft,48,3,895.993237,513.355000,0.953000
Raft,raft,48,4,1004.466998,464.057000,0.959000
Raft,raft,48,5,882.821402,624.177000,0.886000
Raft,raft,48,6,959.937588,504.969000,0.913000
Raft,raft,48,7,945.433694,464.163000,0.921000
Raft,raft,48,8,1037.889333,501.771000,0.961000
Raft,raft,48,9,965.536003,574.725000,0.959000
Raft,raft,48,10,983.728281,595.543000,0.876000
Raft,raft,56,1,875.524447,624.825000,0.933000
Raft,raft,56,2,794.023611,583.839000,0.989000
Raft,raft,56,3,744.200908,708.530000,0.859000
Raft,raft,56,4,731.369283,604.580000,0.899000
Raft,raft,56,5,823.431383,534.912000,0.915000
Raft,raft,56,6,740.775344,587.441000,0.823000
Raft,raft,56,7,1111.042851,502.077000,0.935000
Raft,raft,56,8,937.235680,423.440000,0.892000
Raft,raft,56,9,729.159890,617.387000,0.835000
Raft,raft,56,10,1042.067711,542.961000,0.871000
Raft,raft,64,1,627.118340,770.465000,0.842000
Raft,raft,64,2,534.840008,729.948000,0.838000
Raft,raft,64,3,690.978215,655.391000,0.711000
Raft,raft,64,4,659.160916,768.494000,0.835000
Raft,raft,64,5,633.706352,818.099000,0.869000
Raft,raft,64,6,553.790570,586.184000,0.813000
Raft,raft,64,7,1024.266426,638.514000,0.896000
Raft,raft,64,8,577.333160,763.926000,0.889000
Raft,raft,64,9,629.459161,702.151000,0.746000
Raft,raft,64,10,554.867159,744.464000,0.832000
Raft,raft,72,1,432.564103,881.701000,0.741000
Raft,raft,72,2,555.079101,812.103000,0.766000
Raft,raft,72,3,611.752586,782.935000,0.695000
Raft,raft,72,4,616.140538,845.484000,0.694000
Raft,raft,72,5,496.849678,832.314000,0.606000
Raft,raft,72,6,474.992741,679.477000,0.728000
Raft,raft,72,7,843.648312,771.294000,0.806000
Raft,raft,72,8,464.848105,688.212000,0.803000
Raft,raft,72,9,827.259294,638.848000,0.812000
Raft,raft,72,10,675.857972,789.286000,0.745000
Raft,raft,80,1,394.004479,974.574000,0.597000
Raft,raft,80,2,648.979550,793.137000,0.696000
Raft,raft,80,3,351.597530,1041.462000,0.629000
Raft,raft,80,4,562.220072,886.744000,0.669000
Raft,raft,80,5,538.621127,893.184000,0.649000
Raft,raft,80,6,566.136132,707.407000,0.676000
Raft,raft,80,7,548.434504,772.376000,0.723000
Raft,raft,80,8,393.010059,950.601000,0.711000
Raft,raft,80,9,497.766465,826.585000,0.908000
Raft,raft,80,10,409.109213,919.398000,0.650000
Raft,raft,88,1,352.277265,968.594000,0.595000
Raft,raft,88,2,552.950299,819.590000,0.698000
Raft,raft,88,3,592.274838,1013.796000,0.749000
Raft,raft,88,4,433.942801,1137.246000,0.508000
Raft,raft,88,5,373.912858,1196.707000,0.572000
Raft,raft,88,6,547.235510,1080.169000,0.786000
Raft,raft,88,7,495.518146,1077.204000,0.642000
Raft,raft,88,8,550.896921,776.683000,0.532000
Raft,raft,88,9,630.240174,946.029000,0.847000
Raft,raft,88,10,385.880398,1018.556000,0.567000
Raft,raft,96,1,400.930520,1305.117000,0.710000
Raft,raft,96,2,356.492025,1125.847000,0.473000
Raft,raft,96,3,338.705435,1177.102000,0.647000
Raft,raft,96,4,351.936013,1140.272000,0.816000
Raft,raft,96,5,421.736073,1269.233000,0.662000
Raft,raft,96,6,397.819636,999.743000,0.560000
Raft,raft,96,7,327.341603,1119.431000,0.443000
Raft,raft,96,8,347.337881,1225.029000,0.661000
Raft,raft,96,9,327.998671,1240.222000,0.559000
Raft,raft,96,10,358.528847,1185.380000,0.563000
CometBFT-light,cometbft-light,8,1,2898.591893,339.855000,1.000000
CometBFT-light,cometbft-light,8,2,3046.346197,325.255000,1.000000
CometBFT-light,cometbft-light,8,3,3090.658916,321.555000,1.000000
CometBFT-light,cometbft-light,8,4,3114.560383,315.496000,1.000000
CometBFT-light,cometbft-light,8,5,3003.176159,330.298000,1.000000
CometBFT-light,cometbft-light,8,6,2974.504039,334.265000,1.000000
CometBFT-light,cometbft-light,8,7,3028.716167,329.225000,1.000000
CometBFT-light,cometbft-light,8,8,3058.621229,324.263000,1.000000
CometBFT-light,cometbft-light,8,9,3052.374473,324.773000,1.000000
CometBFT-light,cometbft-light,8,10,3052.147155,308.239000,1.000000
CometBFT-light,cometbft-light,16,1,1740.183624,531.022000,1.000000
CometBFT-light,cometbft-light,16,2,1788.078700,556.564000,1.000000
CometBFT-light,cometbft-light,16,3,1741.643247,571.637000,1.000000
CometBFT-light,cometbft-light,16,4,1744.689775,569.542000,1.000000
CometBFT-light,cometbft-light,16,5,1757.450095,526.751000,1.000000
CometBFT-light,cometbft-light,16,6,1722.284693,577.558000,1.000000
CometBFT-light,cometbft-light,16,7,1630.765633,607.777000,1.000000
CometBFT-light,cometbft-light,16,8,1779.637776,559.365000,1.000000
CometBFT-light,cometbft-light,16,9,1751.522993,567.429000,1.000000
CometBFT-light,cometbft-light,16,10,1694.044975,587.210000,1.000000
CometBFT-light,cometbft-light,24,1,1116.805579,732.878000,1.000000
CometBFT-light,cometbft-light,24,2,1124.930001,884.930000,1.000000
CometBFT-light,cometbft-light,24,3,1100.359377,753.621000,1.000000
CometBFT-light,cometbft-light,24,4,1051.124709,872.077000,1.000000
CometBFT-light,cometbft-light,24,5,1122.907756,643.886000,1.000000
CometBFT-light,cometbft-light,24,6,1117.259015,893.318000,1.000000
CometBFT-light,cometbft-light,24,7,1086.283498,758.947000,1.000000
CometBFT-light,cometbft-light,24,8,1089.875968,729.014000,1.000000
CometBFT-light,cometbft-light,24,9,1059.973064,862.167000,1.000000
CometBFT-light,cometbft-light,24,10,1113.538005,893.162000,1.000000
CometBFT-light,cometbft-light,32,1,608.324606,865.015000,1.000000
CometBFT-light,cometbft-light,32,2,639.728182,907.655000,1.000000
CometBFT-light,cometbft-light,32,3,638.316682,721.404000,1.000000
CometBFT-light,cometbft-light,32,4,659.241498,1131.650000,1.000000
CometBFT-light,cometbft-light,32,5,585.984219,895.692000,1.000000
CometBFT-light,cometbft-light,32,6,664.030730,886.841000,1.000000
CometBFT-light,cometbft-light,32,7,638.778982,1077.785000,1.000000
CometBFT-light,cometbft-light,32,8,650.782752,792.609000,1.000000
CometBFT-light,cometbft-light,32,9,637.400954,995.887000,1.000000
CometBFT-light,cometbft-light,32,10,607.199676,891.535000,1.000000
CometBFT-light,cometbft-light,40,1,330.632682,957.629000,1.000000
CometBFT-light,cometbft-light,40,2,385.670758,1256.245000,1.000000
CometBFT-light,cometbft-light,40,3,318.996056,899.135000,1.000000
CometBFT-light,cometbft-light,40,4,354.166367,1190.932000,1.000000
CometBFT-light,cometbft-light,40,5,421.723109,983.338000,1.000000
CometBFT-light,cometbft-light,40,6,428.066451,1055.639000,1.000000
CometBFT-light,cometbft-light,40,7,428.839821,833.693000,1.000000
CometBFT-light,cometbft-light,40,8,434.314210,1272.979000,1.000000
CometBFT-light,cometbft-light,40,9,338.389825,1250.831000,1.000000
CometBFT-light,cometbft-light,40,10,386.769826,1310.094000,1.000000
CometBFT-light,cometbft-light,48,1,212.803601,1309.059000,1.000000
CometBFT-light,cometbft-light,48,2,244.223671,1244.692000,1.000000
CometBFT-light,cometbft-light,48,3,216.994619,1232.450000,1.000000
CometBFT-light,cometbft-light,48,4,200.905198,1172.388000,1.000000
CometBFT-light,cometbft-light,48,5,201.459855,1346.138000,1.000000
CometBFT-light,cometbft-light,48,6,216.203108,1214.300000,1.000000
CometBFT-light,cometbft-light,48,7,248.868984,1290.530000,1.000000
CometBFT-light,cometbft-light,48,8,173.054126,1150.248000,1.000000
CometBFT-light,cometbft-light,48,9,190.061585,1231.472000,1.000000
CometBFT-light,cometbft-light,48,10,247.573440,1227.923000,1.000000
CometBFT-light,cometbft-light,56,1,129.034990,1558.676000,1.000000
CometBFT-light,cometbft-light,56,2,142.757598,1612.853000,1.000000
CometBFT-light,cometbft-light,56,3,136.623052,1583.220000,1.000000
CometBFT-light,cometbft-light,56,4,136.095136,1542.134000,1.000000
CometBFT-light,cometbft-light,56,5,183.295940,1690.243000,1.000000
CometBFT-light,cometbft-light,56,6,129.548389,1233.137000,1.000000
CometBFT-light,cometbft-light,56,7,151.859105,1544.927000,1.000000
CometBFT-light,cometbft-light,56,8,160.949245,1619.580000,1.000000
CometBFT-light,cometbft-light,56,9,150.811531,1519.480000,1.000000
CometBFT-light,cometbft-light,56,10,98.122470,1543.808000,1.000000
CometBFT-light,cometbft-light,64,1,107.024340,2046.354000,1.000000
CometBFT-light,cometbft-light,64,2,120.444703,1940.976000,1.000000
CometBFT-light,cometbft-light,64,3,106.925831,1987.234000,1.000000
CometBFT-light,cometbft-light,64,4,101.619589,2023.703000,1.000000
CometBFT-light,cometbft-light,64,5,118.469764,1986.325000,1.000000
CometBFT-light,cometbft-light,64,6,106.645176,1922.938000,1.000000
CometBFT-light,cometbft-light,64,7,129.767371,1990.673000,1.000000
CometBFT-light,cometbft-light,64,8,94.988494,1529.033000,1.000000
CometBFT-light,cometbft-light,64,9,147.744436,2038.557000,1.000000
CometBFT-light,cometbft-light,64,10,106.999449,2022.757000,1.000000
CometBFT-light,cometbft-light,72,1,80.695065,2393.323000,1.000000
CometBFT-light,cometbft-light,72,2,90.271849,2468.663000,1.000000
CometBFT-light,cometbft-light,72,3,76.652236,2455.687000,1.000000
CometBFT-light,cometbft-light,72,4,69.866508,2344.303000,1.000000
CometBFT-light,cometbft-light,72,5,69.612183,2480.798000,1.000000
CometBFT-light,cometbft-light,72,6,67.146558,2370.768000,1.000000
CometBFT-light,cometbft-light,72,7,84.740105,2438.684000,1.000000
CometBFT-light,cometbft-light,72,8,90.644369,2376.890000,1.000000
CometBFT-light,cometbft-light,72,9,76.346941,2231.427000,1.000000
CometBFT-light,cometbft-light,72,10,80.856249,2431.416000,1.000000
CometBFT-light,cometbft-light,80,1,54.516587,2456.399000,1.000000
CometBFT-light,cometbft-light,80,2,62.563386,2946.468000,1.000000
CometBFT-light,cometbft-light,80,3,79.086461,2257.516000,1.000000
CometBFT-light,cometbft-light,80,4,56.685425,2510.020000,1.000000
CometBFT-light,cometbft-light,80,5,54.357542,2910.929000,1.000000
CometBFT-light,cometbft-light,80,6,57.403674,2995.085000,1.000000
CometBFT-light,cometbft-light,80,7,62.538599,2251.114000,1.000000
CometBFT-light,cometbft-light,80,8,62.872842,2195.140000,1.000000
CometBFT-light,cometbft-light,80,9,62.794425,2230.156000,1.000000
CometBFT-light,cometbft-light,80,10,54.866269,2979.811000,1.000000
CometBFT-light,cometbft-light,88,1,43.386360,3525.451000,1.000000
CometBFT-light,cometbft-light,88,2,39.954917,3441.804000,1.000000
CometBFT-light,cometbft-light,88,3,57.928374,2569.821000,1.000000
CometBFT-light,cometbft-light,88,4,41.854019,3449.383000,1.000000
CometBFT-light,cometbft-light,88,5,45.404328,3354.907000,1.000000
CometBFT-light,cometbft-light,88,6,53.005593,3336.795000,1.000000
CometBFT-light,cometbft-light,88,7,51.495084,3465.961000,1.000000
CometBFT-light,cometbft-light,88,8,44.352504,2591.047000,1.000000
CometBFT-light,cometbft-light,88,9,44.898944,3473.786000,1.000000
CometBFT-light,cometbft-light,88,10,35.425097,2684.192000,1.000000
CometBFT-light,cometbft-light,96,1,30.793513,3172.212000,0.810000
CometBFT-light,cometbft-light,96,2,39.317155,3264.326000,1.000000
CometBFT-light,cometbft-light,96,3,31.946339,3180.999000,1.000000
CometBFT-light,cometbft-light,96,4,36.189679,4154.546000,1.000000
CometBFT-light,cometbft-light,96,5,29.845502,3163.766000,1.000000
CometBFT-light,cometbft-light,96,6,36.379213,3089.590000,1.000000
CometBFT-light,cometbft-light,96,7,44.549409,4241.252000,0.352000
CometBFT-light,cometbft-light,96,8,27.773602,3170.814000,1.000000
CometBFT-light,cometbft-light,96,9,28.742724,3286.829000,1.000000
CometBFT-light,cometbft-light,96,10,33.234182,3890.955000,1.000000
tPBFT,tpbft,8,1,3398.422181,279.225000,1.000000
tPBFT,tpbft,8,2,3359.800723,293.596000,1.000000
tPBFT,tpbft,8,3,3444.176105,287.659000,1.000000
tPBFT,tpbft,8,4,3462.891653,284.353000,1.000000
tPBFT,tpbft,8,5,3423.591765,290.108000,1.000000
tPBFT,tpbft,8,6,3429.075405,288.641000,1.000000
tPBFT,tpbft,8,7,3398.497252,289.799000,1.000000
tPBFT,tpbft,8,8,3540.536129,280.409000,1.000000
tPBFT,tpbft,8,9,3465.966634,280.292000,1.000000
tPBFT,tpbft,8,10,3547.520815,274.848000,1.000000
tPBFT,tpbft,16,1,2085.820674,477.000000,1.000000
tPBFT,tpbft,16,2,1980.630229,501.592000,1.000000
tPBFT,tpbft,16,3,2161.699909,459.615000,1.000000
tPBFT,tpbft,16,4,2110.423254,441.930000,1.000000
tPBFT,tpbft,16,5,1995.420510,499.010000,1.000000
tPBFT,tpbft,16,6,2011.608996,492.926000,1.000000
tPBFT,tpbft,16,7,2120.200079,438.134000,1.000000
tPBFT,tpbft,16,8,2118.362218,467.668000,1.000000
tPBFT,tpbft,16,9,2141.610114,462.858000,1.000000
tPBFT,tpbft,16,10,2211.877028,419.349000,1.000000
tPBFT,tpbft,24,1,1411.106964,678.026000,1.000000
tPBFT,tpbft,24,2,1450.001204,660.155000,1.000000
tPBFT,tpbft,24,3,1381.286251,666.993000,1.000000
tPBFT,tpbft,24,4,1409.126291,708.064000,1.000000
tPBFT,tpbft,24,5,1393.123209,660.267000,1.000000
tPBFT,tpbft,24,6,1440.764827,571.559000,1.000000
tPBFT,tpbft,24,7,1396.051603,713.102000,1.000000
tPBFT,tpbft,24,8,1448.940216,630.852000,1.000000
tPBFT,tpbft,24,9,1403.650220,710.395000,1.000000
tPBFT,tpbft,24,10,1426.893809,592.544000,1.000000
tPBFT,tpbft,32,1,937.373250,1063.746000,1.000000
tPBFT,tpbft,32,2,955.737137,761.991000,1.000000
tPBFT,tpbft,32,3,939.234267,1062.550000,1.000000
tPBFT,tpbft,32,4,956.754230,995.052000,1.000000
tPBFT,tpbft,32,5,868.158649,669.321000,1.000000
tPBFT,tpbft,32,6,932.682868,878.743000,1.000000
tPBFT,tpbft,32,7,862.440707,864.856000,1.000000
tPBFT,tpbft,32,8,941.720674,963.841000,1.000000
tPBFT,tpbft,32,9,955.268775,762.615000,1.000000
tPBFT,tpbft,32,10,951.589411,1046.878000,1.000000
tPBFT,tpbft,40,1,668.972660,1075.334000,1.000000
tPBFT,tpbft,40,2,559.722879,949.238000,1.000000
tPBFT,tpbft,40,3,671.717444,1095.167000,1.000000
tPBFT,tpbft,40,4,592.177489,1261.964000,1.000000
tPBFT,tpbft,40,5,595.348447,1066.326000,1.000000
tPBFT,tpbft,40,6,673.508934,1094.965000,1.000000
tPBFT,tpbft,40,7,651.158629,1533.148000,1.000000
tPBFT,tpbft,40,8,586.969098,984.437000,1.000000
tPBFT,tpbft,40,9,657.916812,1271.337000,1.000000
tPBFT,tpbft,40,10,657.589607,1443.982000,1.000000
tPBFT,tpbft,48,1,466.421195,1568.917000,1.000000
tPBFT,tpbft,48,2,427.544832,965.265000,1.000000
tPBFT,tpbft,48,3,416.200505,1265.811000,1.000000
tPBFT,tpbft,48,4,422.539579,957.534000,1.000000
tPBFT,tpbft,48,5,470.254344,1608.228000,1.000000
tPBFT,tpbft,48,6,426.230734,1230.390000,1.000000
tPBFT,tpbft,48,7,389.550738,1006.642000,1.000000
tPBFT,tpbft,48,8,466.598500,1607.422000,1.000000
tPBFT,tpbft,48,9,421.912694,1260.692000,1.000000
tPBFT,tpbft,48,10,473.171283,1280.728000,1.000000
tPBFT,tpbft,56,1,274.186799,1307.272000,1.000000
tPBFT,tpbft,56,2,250.145097,1289.694000,1.000000
tPBFT,tpbft,56,3,297.244714,1507.243000,1.000000
tPBFT,tpbft,56,4,277.294807,1221.191000,1.000000
tPBFT,tpbft,56,5,308.285725,1515.771000,1.000000
tPBFT,tpbft,56,6,303.324491,1660.438000,1.000000
tPBFT,tpbft,56,7,262.324476,1124.793000,1.000000
tPBFT,tpbft,56,8,328.087046,1586.628000,1.000000
tPBFT,tpbft,56,9,277.873443,1448.287000,1.000000
tPBFT,tpbft,56,10,272.472541,1633.769000,1.000000
tPBFT,tpbft,64,1,187.641711,1833.137000,1.000000
tPBFT,tpbft,64,2,190.722971,1519.502000,1.000000
tPBFT,tpbft,64,3,190.091424,1473.927000,1.000000
tPBFT,tpbft,64,4,176.418157,1414.199000,1.000000
tPBFT,tpbft,64,5,185.896646,1566.179000,1.000000
tPBFT,tpbft,64,6,201.572678,1626.308000,1.000000
tPBFT,tpbft,64,7,176.717220,1429.526000,1.000000
tPBFT,tpbft,64,8,187.341496,1424.207000,1.000000
tPBFT,tpbft,64,9,202.428769,1535.433000,1.000000
tPBFT,tpbft,64,10,188.911739,1438.639000,1.000000
tPBFT,tpbft,72,1,149.090928,1877.948000,1.000000
tPBFT,tpbft,72,2,173.462084,2356.760000,1.000000
tPBFT,tpbft,72,3,141.123226,1793.060000,1.000000
tPBFT,tpbft,72,4,129.973923,1901.395000,1.000000
tPBFT,tpbft,72,5,123.695365,1757.076000,1.000000
tPBFT,tpbft,72,6,178.347163,1998.155000,1.000000
tPBFT,tpbft,72,7,147.770781,1597.059000,1.000000
tPBFT,tpbft,72,8,116.146841,1842.831000,1.000000
tPBFT,tpbft,72,9,139.331497,1913.473000,1.000000
tPBFT,tpbft,72,10,151.032319,2471.875000,1.000000
tPBFT,tpbft,80,1,99.533271,2130.960000,1.000000
tPBFT,tpbft,80,2,89.665699,2265.912000,1.000000
tPBFT,tpbft,80,3,129.779224,2271.218000,1.000000
tPBFT,tpbft,80,4,99.812079,2273.046000,1.000000
tPBFT,tpbft,80,5,84.515409,1652.072000,1.000000
tPBFT,tpbft,80,6,121.224564,2285.777000,1.000000
tPBFT,tpbft,80,7,93.647708,2193.908000,1.000000
tPBFT,tpbft,80,8,106.154033,2254.673000,1.000000
tPBFT,tpbft,80,9,112.693000,1669.260000,1.000000
tPBFT,tpbft,80,10,89.849350,1978.349000,1.000000
tPBFT,tpbft,88,1,90.618105,2645.370000,1.000000
tPBFT,tpbft,88,2,76.081548,2650.287000,1.000000
tPBFT,tpbft,88,3,84.956030,2560.962000,1.000000
tPBFT,tpbft,88,4,72.006819,2291.359000,1.000000
tPBFT,tpbft,88,5,84.594188,2670.661000,1.000000
tPBFT,tpbft,88,6,85.031472,2579.072000,1.000000
tPBFT,tpbft,88,7,76.012540,2598.065000,1.000000
tPBFT,tpbft,88,8,89.394230,2589.445000,1.000000
tPBFT,tpbft,88,9,80.466156,2647.239000,1.000000
tPBFT,tpbft,88,10,84.662037,2694.062000,1.000000
tPBFT,tpbft,96,1,75.802441,3126.388000,1.000000
tPBFT,tpbft,96,2,59.972623,3082.502000,1.000000
tPBFT,tpbft,96,3,60.301705,2743.733000,1.000000
tPBFT,tpbft,96,4,67.075889,2316.953000,1.000000
tPBFT,tpbft,96,5,67.628197,2942.239000,1.000000
tPBFT,tpbft,96,6,67.074072,2453.040000,1.000000
tPBFT,tpbft,96,7,61.419459,2993.627000,1.000000
tPBFT,tpbft,96,8,68.151649,2940.064000,1.000000
tPBFT,tpbft,96,9,72.327689,2554.433000,1.000000
tPBFT,tpbft,96,10,68.370965,2867.337000,1.000000
